timestamp,trade_volume,best_ask,best_bid,ask_size,bid_size
2016-01-07 10:02:00,0.0,446.0,444.0,500.0,300.0
2016-01-07 10:03:00,0.0,446.0,444.0,500.0,300.0
2016-01-07 10:04:00,0.0,446.0,444.0,600.0,300.0
2016-01-07 10:05:00,0.0,446.0,444.0,600.0,300.0
2016-01-07 10:06:00,0.0,446.0,444.0,600.0,300.0
2016-01-07 10:07:00,0.0,446.0,445.0,500.0,100.0
2016-01-07 10:08:00,0.0,446.0,445.0,500.0,100.0
2016-01-07 10:09:00,0.0,446.0,445.0,500.0,100.0
2016-01-07 10:10:00,0.0,446.0,445.0,500.0,100.0
2016-01-07 10:11:00,100.0,446.0,445.0,400.0,100.0
2016-01-07 10:12:00,0.0,446.0,445.0,600.0,100.0
2016-01-07 10:13:00,100.0,446.0,444.0,600.0,400.0
2016-01-07 10:14:00,0.0,446.0,444.0,600.0,400.0
2016-01-07 10:15:00,0.0,446.0,444.0,600.0,400.0
2016-01-07 10:16:00,0.0,446.0,444.0,600.0,400.0
2016-01-07 10:17:00,0.0,446.0,444.0,600.0,400.0
2016-01-07 10:18:00,100.0,445.0,444.0,400.0,300.0
2016-01-07 10:19:00,300.0,444.0,443.0,500.0,600.0
2016-01-07 10:20:00,500.0,444.0,442.0,700.0,700.0
2016-01-07 10:21:00,0.0,444.0,442.0,700.0,700.0
2016-01-07 10:22:00,0.0,444.0,442.0,700.0,700.0
2016-01-07 10:23:00,0.0,444.0,442.0,700.0,600.0
2016-01-07 10:24:00,0.0,444.0,442.0,600.0,700.0
2016-01-07 10:25:00,0.0,444.0,442.0,500.0,700.0
2016-01-07 10:26:00,100.0,443.0,442.0,100.0,400.0
2016-01-07 10:27:00,100.0,444.0,442.0,500.0,500.0
2016-01-07 10:28:00,0.0,444.0,442.0,500.0,500.0
2016-01-07 10:29:00,0.0,444.0,442.0,500.0,500.0
2016-01-07 10:30:00,0.0,444.0,442.0,500.0,500.0
2016-01-07 10:31:00,0.0,444.0,442.0,600.0,500.0
2016-01-07 10:32:00,0.0,444.0,443.0,400.0,100.0
2016-01-07 10:33:00,0.0,444.0,443.0,400.0,100.0
2016-01-07 10:34:00,0.0,444.0,443.0,400.0,100.0
2016-01-07 10:35:00,100.0,444.0,442.0,500.0,600.0
2016-01-07 10:36:00,100.0,444.0,442.0,300.0,600.0
2016-01-07 10:37:00,0.0,444.0,442.0,400.0,600.0
2016-01-07 10:38:00,0.0,444.0,442.0,400.0,600.0
2016-01-07 10:39:00,0.0,444.0,442.0,400.0,600.0
2016-01-07 10:40:00,0.0,444.0,442.0,400.0,600.0
2016-01-07 10:41:00,0.0,444.0,442.0,400.0,600.0
2016-01-07 10:42:00,200.0,443.0,442.0,100.0,500.0
2016-01-07 10:43:00,0.0,443.0,442.0,100.0,500.0
2016-01-07 10:44:00,0.0,444.0,442.0,500.0,600.0
2016-01-07 10:45:00,0.0,444.0,442.0,500.0,600.0
2016-01-07 10:46:00,0.0,444.0,442.0,500.0,600.0
2016-01-07 10:47:00,0.0,444.0,442.0,500.0,600.0
2016-01-07 10:48:00,0.0,444.0,443.0,600.0,100.0
2016-01-07 10:49:00,100.0,444.0,442.0,700.0,600.0
2016-01-07 10:50:00,0.0,444.0,443.0,600.0,100.0
2016-01-07 10:51:00,0.0,444.0,443.0,600.0,100.0
2016-01-07 10:52:00,0.0,444.0,443.0,600.0,100.0
2016-01-07 10:53:00,100.0,444.0,443.0,400.0,100.0
2016-01-07 10:54:00,0.0,444.0,443.0,400.0,100.0
2016-01-07 10:55:00,0.0,444.0,442.0,400.0,600.0
2016-01-07 10:56:00,0.0,444.0,442.0,300.0,600.0
2016-01-07 10:57:00,0.0,444.0,442.0,400.0,600.0
2016-01-07 10:58:00,0.0,444.0,442.0,400.0,600.0
2016-01-07 10:59:00,0.0,444.0,442.0,400.0,600.0
2016-01-07 11:00:00,0.0,444.0,442.0,400.0,600.0
2016-01-07 11:01:00,0.0,444.0,442.0,400.0,600.0
2016-01-07 11:02:00,0.0,444.0,442.0,400.0,600.0
2016-01-07 11:03:00,0.0,444.0,442.0,400.0,600.0
2016-01-07 11:04:00,0.0,444.0,442.0,400.0,600.0
2016-01-07 11:05:00,0.0,443.0,442.0,100.0,500.0
2016-01-07 11:06:00,200.0,443.0,442.0,200.0,300.0
2016-01-07 11:07:00,0.0,443.0,442.0,200.0,300.0
2016-01-07 11:08:00,0.0,443.0,442.0,300.0,300.0
2016-01-07 11:09:00,0.0,443.0,442.0,300.0,300.0
2016-01-07 11:10:00,0.0,443.0,442.0,300.0,300.0
2016-01-07 11:11:00,0.0,443.0,442.0,300.0,300.0
2016-01-07 11:12:00,0.0,443.0,442.0,300.0,300.0
2016-01-07 11:13:00,0.0,443.0,442.0,300.0,300.0
2016-01-07 11:14:00,0.0,443.0,442.0,300.0,300.0
2016-01-07 11:15:00,0.0,443.0,442.0,300.0,300.0
2016-01-07 11:16:00,0.0,443.0,442.0,300.0,300.0
2016-01-07 11:17:00,300.0,442.0,441.0,600.0,1300.0
2016-01-07 11:18:00,200.0,442.0,441.0,400.0,1300.0
2016-01-07 11:19:00,0.0,442.0,441.0,400.0,1300.0
2016-01-07 11:20:00,0.0,442.0,441.0,400.0,1300.0
2016-01-07 11:21:00,0.0,442.0,441.0,400.0,1300.0
2016-01-07 11:22:00,0.0,442.0,441.0,400.0,1300.0
2016-01-07 11:23:00,0.0,442.0,441.0,400.0,1300.0
2016-01-07 11:24:00,0.0,442.0,441.0,400.0,1300.0
2016-01-07 11:25:00,0.0,442.0,441.0,400.0,1300.0
2016-01-07 11:26:00,0.0,442.0,441.0,400.0,1300.0
2016-01-07 11:27:00,0.0,442.0,441.0,400.0,1300.0
2016-01-07 11:28:00,0.0,442.0,441.0,100.0,1300.0
2016-01-07 11:29:00,0.0,442.0,441.0,200.0,1300.0
2016-01-07 11:30:00,200.0,443.0,441.0,500.0,1100.0
2016-01-07 13:00:00,0.0,443.0,441.0,500.0,1100.0
2016-01-07 13:01:00,0.0,443.0,441.0,500.0,1100.0
2016-01-07 13:02:00,0.0,443.0,441.0,500.0,1100.0
2016-01-07 13:03:00,0.0,443.0,441.0,500.0,1100.0
2016-01-07 13:04:00,0.0,442.0,441.0,100.0,1000.0
2016-01-07 13:05:00,0.0,442.0,441.0,200.0,1000.0
2016-01-07 13:06:00,0.0,442.0,441.0,200.0,1000.0
2016-01-07 13:07:00,0.0,442.0,441.0,200.0,1000.0
2016-01-07 13:08:00,0.0,442.0,441.0,300.0,1000.0
2016-01-07 13:09:00,0.0,442.0,441.0,300.0,900.0
2016-01-07 13:10:00,0.0,442.0,441.0,300.0,900.0
2016-01-07 13:11:00,0.0,442.0,441.0,300.0,900.0
2016-01-07 13:12:00,0.0,442.0,441.0,300.0,900.0
2016-01-07 13:13:00,0.0,442.0,441.0,300.0,900.0
2016-01-07 13:14:00,0.0,442.0,441.0,300.0,900.0
2016-01-07 13:15:00,0.0,442.0,441.0,300.0,900.0
2016-01-07 13:16:00,0.0,442.0,441.0,300.0,900.0
2016-01-07 13:17:00,0.0,442.0,441.0,300.0,900.0
2016-01-07 13:18:00,0.0,442.0,441.0,300.0,900.0
2016-01-07 13:19:00,100.0,442.0,441.0,200.0,800.0
2016-01-07 13:20:00,0.0,442.0,441.0,400.0,700.0
2016-01-07 13:21:00,100.0,442.0,441.0,300.0,700.0
2016-01-07 13:22:00,0.0,442.0,441.0,300.0,700.0
2016-01-07 13:23:00,0.0,442.0,441.0,300.0,700.0
2016-01-07 13:24:00,0.0,442.0,441.0,300.0,700.0
2016-01-07 13:25:00,0.0,442.0,441.0,300.0,700.0
2016-01-07 13:26:00,0.0,442.0,441.0,300.0,700.0
2016-01-07 13:27:00,0.0,442.0,441.0,300.0,700.0
2016-01-07 13:28:00,0.0,442.0,441.0,300.0,700.0
2016-01-07 13:29:00,0.0,442.0,441.0,300.0,700.0
2016-01-07 13:30:00,0.0,442.0,441.0,300.0,700.0
2016-01-07 13:31:00,0.0,442.0,441.0,300.0,700.0
2016-01-07 13:32:00,0.0,442.0,441.0,300.0,1000.0
2016-01-07 13:33:00,0.0,442.0,441.0,300.0,1000.0
2016-01-07 13:34:00,0.0,442.0,441.0,300.0,1000.0
2016-01-07 13:35:00,0.0,442.0,441.0,300.0,1000.0
2016-01-07 13:36:00,0.0,442.0,441.0,400.0,900.0
2016-01-07 13:37:00,0.0,442.0,441.0,400.0,900.0
2016-01-07 13:38:00,0.0,442.0,441.0,400.0,900.0
2016-01-07 13:39:00,0.0,442.0,441.0,400.0,900.0
2016-01-07 13:40:00,0.0,442.0,441.0,300.0,900.0
2016-01-07 13:41:00,0.0,442.0,441.0,300.0,900.0
2016-01-07 13:42:00,0.0,442.0,441.0,300.0,900.0
2016-01-07 13:43:00,0.0,442.0,441.0,300.0,900.0
2016-01-07 13:44:00,0.0,442.0,441.0,300.0,900.0
2016-01-07 13:45:00,0.0,442.0,441.0,300.0,900.0
2016-01-07 13:46:00,0.0,442.0,441.0,300.0,900.0
2016-01-07 13:47:00,0.0,442.0,441.0,300.0,900.0
2016-01-07 13:48:00,0.0,442.0,441.0,300.0,900.0
2016-01-07 13:49:00,0.0,442.0,441.0,300.0,900.0
2016-01-07 13:50:00,0.0,442.0,441.0,400.0,1000.0
2016-01-07 13:51:00,0.0,442.0,441.0,400.0,1000.0
2016-01-07 13:52:00,0.0,442.0,441.0,400.0,1000.0
2016-01-07 13:53:00,0.0,442.0,441.0,400.0,1000.0
2016-01-07 13:54:00,0.0,442.0,441.0,400.0,1000.0
2016-01-07 13:55:00,0.0,442.0,441.0,400.0,1000.0
2016-01-07 13:56:00,0.0,442.0,441.0,400.0,1000.0
2016-01-07 13:57:00,0.0,442.0,441.0,500.0,900.0
2016-01-07 13:58:00,0.0,442.0,441.0,500.0,900.0
2016-01-07 13:59:00,0.0,442.0,441.0,500.0,900.0
2016-01-07 14:00:00,0.0,442.0,441.0,500.0,900.0
2016-01-07 14:01:00,0.0,442.0,441.0,500.0,900.0
2016-01-07 14:02:00,0.0,442.0,441.0,500.0,900.0
2016-01-07 14:03:00,0.0,442.0,441.0,600.0,900.0
2016-01-07 14:04:00,0.0,442.0,441.0,600.0,900.0
2016-01-07 14:05:00,0.0,442.0,441.0,600.0,900.0
2016-01-07 14:06:00,0.0,442.0,441.0,600.0,900.0
2016-01-07 14:07:00,0.0,442.0,441.0,600.0,900.0
2016-01-07 14:08:00,0.0,442.0,441.0,600.0,900.0
2016-01-07 14:09:00,0.0,442.0,441.0,600.0,900.0
2016-01-07 14:10:00,0.0,442.0,441.0,600.0,900.0
2016-01-07 14:11:00,0.0,442.0,441.0,600.0,900.0
2016-01-07 14:12:00,0.0,442.0,441.0,600.0,900.0
2016-01-07 14:13:00,0.0,442.0,441.0,600.0,900.0
2016-01-07 14:14:00,0.0,442.0,441.0,700.0,900.0
2016-01-07 14:15:00,0.0,442.0,441.0,700.0,900.0
2016-01-07 14:16:00,100.0,442.0,441.0,600.0,900.0
2016-01-07 14:17:00,0.0,442.0,441.0,600.0,900.0
2016-01-07 14:18:00,0.0,442.0,441.0,600.0,900.0
2016-01-07 14:19:00,400.0,442.0,441.0,200.0,1100.0
2016-01-07 14:20:00,100.0,442.0,441.0,200.0,1100.0
2016-01-07 14:21:00,0.0,442.0,441.0,300.0,1100.0
2016-01-07 14:22:00,0.0,442.0,441.0,300.0,1100.0
2016-01-07 14:23:00,0.0,442.0,441.0,300.0,1100.0
2016-01-07 14:24:00,0.0,442.0,441.0,300.0,1100.0
2016-01-07 14:25:00,0.0,442.0,441.0,400.0,1000.0
2016-01-07 14:26:00,0.0,442.0,441.0,400.0,1000.0
2016-01-07 14:27:00,0.0,442.0,441.0,300.0,1100.0
2016-01-07 14:28:00,0.0,442.0,441.0,300.0,1100.0
2016-01-07 14:29:00,0.0,442.0,441.0,300.0,1100.0
2016-01-07 14:30:00,0.0,442.0,441.0,300.0,1100.0
2016-01-07 14:31:00,100.0,442.0,441.0,300.0,1000.0
2016-01-07 14:32:00,0.0,442.0,441.0,300.0,1000.0
2016-01-07 14:33:00,0.0,442.0,441.0,300.0,1000.0
2016-01-07 14:34:00,0.0,442.0,441.0,500.0,900.0
2016-01-07 14:35:00,600.0,442.0,441.0,1200.0,200.0
2016-01-07 14:36:00,0.0,442.0,441.0,1200.0,200.0
2016-01-07 14:37:00,0.0,442.0,441.0,1200.0,200.0
2016-01-07 14:38:00,600.0,441.0,440.0,400.0,3400.0
2016-01-07 14:39:00,0.0,441.0,440.0,400.0,3400.0
2016-01-07 14:40:00,0.0,441.0,440.0,400.0,3400.0
2016-01-07 14:41:00,0.0,441.0,440.0,400.0,3400.0
2016-01-07 14:42:00,0.0,441.0,440.0,400.0,3400.0
2016-01-07 14:43:00,0.0,441.0,440.0,400.0,3400.0
2016-01-07 14:44:00,100.0,441.0,440.0,400.0,3300.0
2016-01-07 14:45:00,200.0,441.0,440.0,300.0,3300.0
2016-01-07 14:46:00,0.0,441.0,440.0,400.0,3300.0
2016-01-07 14:47:00,100.0,441.0,440.0,400.0,3300.0
2016-01-07 14:48:00,0.0,441.0,440.0,400.0,3300.0
2016-01-07 14:49:00,0.0,441.0,440.0,400.0,3300.0
2016-01-07 14:50:00,300.0,442.0,441.0,600.0,300.0
2016-01-07 14:51:00,200.0,442.0,440.0,800.0,4000.0
2016-01-07 14:52:00,0.0,442.0,441.0,1300.0,300.0
2016-01-07 14:53:00,0.0,442.0,441.0,1300.0,300.0
2016-01-07 14:54:00,0.0,442.0,441.0,1300.0,200.0
2016-01-07 14:55:00,600.0,442.0,440.0,600.0,4200.0
2016-01-07 14:56:00,0.0,442.0,440.0,600.0,4200.0
2016-01-07 14:57:00,0.0,442.0,440.0,600.0,4200.0
2016-01-07 14:58:00,300.0,441.0,440.0,400.0,4100.0
2016-01-07 14:59:00,0.0,441.0,440.0,500.0,4100.0
2016-01-07 15:00:00,1000.0,441.0,440.0,300.0,3500.0
2016-01-08 10:02:00,800.0,439.0,438.0,500.0,300.0
2016-01-08 10:03:00,0.0,439.0,438.0,600.0,100.0
2016-01-08 10:04:00,0.0,439.0,438.0,600.0,200.0
2016-01-08 10:05:00,0.0,439.0,438.0,600.0,200.0
2016-01-08 10:06:00,0.0,439.0,438.0,600.0,200.0
2016-01-08 10:07:00,300.0,438.0,437.0,400.0,400.0
2016-01-08 10:08:00,0.0,438.0,437.0,400.0,400.0
2016-01-08 10:09:00,400.0,439.0,438.0,200.0,200.0
2016-01-08 10:10:00,200.0,440.0,439.0,200.0,100.0
2016-01-08 10:11:00,100.0,440.0,438.0,500.0,300.0
2016-01-08 10:12:00,0.0,440.0,439.0,500.0,100.0
2016-01-08 10:13:00,0.0,440.0,439.0,500.0,100.0
2016-01-08 10:14:00,0.0,440.0,439.0,500.0,100.0
2016-01-08 10:15:00,500.0,441.0,439.0,200.0,200.0
2016-01-08 10:16:00,100.0,441.0,440.0,100.0,200.0
2016-01-08 10:17:00,0.0,441.0,440.0,100.0,100.0
2016-01-08 10:18:00,0.0,441.0,440.0,100.0,100.0
2016-01-08 10:19:00,100.0,441.0,439.0,300.0,200.0
2016-01-08 10:20:00,0.0,441.0,439.0,300.0,200.0
2016-01-08 10:21:00,0.0,440.0,439.0,100.0,200.0
2016-01-08 10:22:00,0.0,440.0,439.0,100.0,200.0
2016-01-08 10:23:00,0.0,440.0,439.0,100.0,200.0
2016-01-08 10:24:00,0.0,440.0,439.0,100.0,200.0
2016-01-08 10:25:00,0.0,440.0,439.0,100.0,200.0
2016-01-08 10:26:00,0.0,440.0,439.0,100.0,200.0
2016-01-08 10:27:00,0.0,440.0,439.0,200.0,200.0
2016-01-08 10:28:00,0.0,440.0,439.0,200.0,200.0
2016-01-08 10:29:00,0.0,440.0,439.0,200.0,200.0
2016-01-08 10:30:00,0.0,440.0,439.0,200.0,200.0
2016-01-08 10:31:00,200.0,440.0,438.0,200.0,600.0
2016-01-08 10:32:00,0.0,440.0,438.0,200.0,600.0
2016-01-08 10:33:00,0.0,440.0,438.0,300.0,600.0
2016-01-08 10:34:00,0.0,440.0,438.0,300.0,600.0
2016-01-08 10:35:00,0.0,440.0,438.0,300.0,700.0
2016-01-08 10:36:00,0.0,440.0,438.0,300.0,700.0
2016-01-08 10:37:00,300.0,440.0,438.0,300.0,500.0
2016-01-08 10:38:00,0.0,440.0,438.0,300.0,1100.0
2016-01-08 10:39:00,300.0,441.0,439.0,200.0,200.0
2016-01-08 10:40:00,200.0,442.0,441.0,200.0,200.0
2016-01-08 10:41:00,0.0,442.0,441.0,100.0,300.0
2016-01-08 10:42:00,100.0,442.0,441.0,100.0,200.0
2016-01-08 10:43:00,0.0,442.0,440.0,100.0,300.0
2016-01-08 10:44:00,0.0,442.0,440.0,100.0,300.0
2016-01-08 10:45:00,0.0,442.0,440.0,100.0,300.0
2016-01-08 10:46:00,0.0,442.0,440.0,100.0,300.0
2016-01-08 10:47:00,0.0,442.0,440.0,100.0,300.0
2016-01-08 10:48:00,0.0,442.0,440.0,100.0,300.0
2016-01-08 10:49:00,0.0,442.0,440.0,100.0,300.0
2016-01-08 10:50:00,0.0,442.0,440.0,300.0,600.0
2016-01-08 10:51:00,0.0,442.0,440.0,300.0,600.0
2016-01-08 10:52:00,0.0,442.0,440.0,300.0,600.0
2016-01-08 10:53:00,0.0,442.0,440.0,300.0,600.0
2016-01-08 10:54:00,0.0,442.0,440.0,300.0,600.0
2016-01-08 10:55:00,0.0,442.0,440.0,300.0,600.0
2016-01-08 10:56:00,0.0,442.0,440.0,300.0,600.0
2016-01-08 10:57:00,0.0,442.0,441.0,200.0,100.0
2016-01-08 10:58:00,0.0,442.0,441.0,200.0,100.0
2016-01-08 10:59:00,0.0,442.0,441.0,200.0,100.0
2016-01-08 11:00:00,0.0,442.0,441.0,200.0,100.0
2016-01-08 11:01:00,0.0,442.0,441.0,200.0,100.0
2016-01-08 11:02:00,0.0,442.0,441.0,200.0,100.0
2016-01-08 11:03:00,0.0,442.0,441.0,200.0,100.0
2016-01-08 11:04:00,0.0,442.0,441.0,200.0,100.0
2016-01-08 11:05:00,0.0,442.0,441.0,100.0,100.0
2016-01-08 11:06:00,0.0,442.0,441.0,100.0,100.0
2016-01-08 11:07:00,0.0,442.0,441.0,100.0,100.0
2016-01-08 11:08:00,0.0,442.0,441.0,100.0,100.0
2016-01-08 11:09:00,0.0,442.0,441.0,300.0,100.0
2016-01-08 11:10:00,0.0,442.0,441.0,300.0,100.0
2016-01-08 11:11:00,0.0,442.0,441.0,300.0,100.0
2016-01-08 11:12:00,200.0,443.0,440.0,500.0,700.0
2016-01-08 11:13:00,0.0,443.0,440.0,500.0,700.0
2016-01-08 11:14:00,0.0,443.0,440.0,500.0,700.0
2016-01-08 11:15:00,0.0,443.0,440.0,500.0,700.0
2016-01-08 11:16:00,0.0,443.0,440.0,500.0,700.0
2016-01-08 11:17:00,0.0,443.0,440.0,500.0,700.0
2016-01-08 11:18:00,0.0,443.0,440.0,500.0,700.0
2016-01-08 11:19:00,0.0,443.0,440.0,500.0,700.0
2016-01-08 11:20:00,0.0,443.0,440.0,500.0,700.0
2016-01-08 11:21:00,0.0,443.0,440.0,500.0,700.0
2016-01-08 11:22:00,0.0,443.0,440.0,500.0,700.0
2016-01-08 11:23:00,0.0,443.0,440.0,500.0,700.0
2016-01-08 11:24:00,0.0,443.0,440.0,500.0,700.0
2016-01-08 11:25:00,0.0,443.0,440.0,500.0,700.0
2016-01-08 11:26:00,0.0,442.0,440.0,100.0,800.0
2016-01-08 11:27:00,0.0,442.0,440.0,100.0,900.0
2016-01-08 11:28:00,0.0,442.0,440.0,100.0,900.0
2016-01-08 11:29:00,0.0,442.0,440.0,200.0,800.0
2016-01-08 11:30:00,100.0,442.0,440.0,200.0,700.0
2016-01-08 13:00:00,0.0,442.0,440.0,200.0,700.0
2016-01-08 13:01:00,0.0,442.0,440.0,200.0,700.0
2016-01-08 13:02:00,0.0,442.0,440.0,200.0,700.0
2016-01-08 13:03:00,0.0,442.0,440.0,200.0,700.0
2016-01-08 13:04:00,0.0,442.0,440.0,200.0,700.0
2016-01-08 13:05:00,0.0,442.0,440.0,200.0,700.0
2016-01-08 13:06:00,0.0,442.0,440.0,200.0,700.0
2016-01-08 13:07:00,0.0,442.0,440.0,200.0,700.0
2016-01-08 13:08:00,0.0,442.0,440.0,200.0,700.0
2016-01-08 13:09:00,0.0,442.0,440.0,200.0,700.0
2016-01-08 13:10:00,100.0,442.0,440.0,700.0,2400.0
2016-01-08 13:11:00,0.0,442.0,440.0,700.0,2400.0
2016-01-08 13:12:00,0.0,442.0,440.0,700.0,2400.0
2016-01-08 13:13:00,0.0,442.0,440.0,700.0,2400.0
2016-01-08 13:14:00,100.0,442.0,440.0,600.0,2400.0
2016-01-08 13:15:00,0.0,442.0,440.0,600.0,2400.0
2016-01-08 13:16:00,0.0,442.0,440.0,600.0,2400.0
2016-01-08 13:17:00,0.0,442.0,440.0,600.0,2400.0
2016-01-08 13:18:00,0.0,442.0,440.0,700.0,2400.0
2016-01-08 13:19:00,0.0,442.0,440.0,700.0,2400.0
2016-01-08 13:20:00,0.0,442.0,440.0,700.0,2400.0
2016-01-08 13:21:00,0.0,442.0,440.0,700.0,2400.0
2016-01-08 13:22:00,0.0,442.0,440.0,700.0,2400.0
2016-01-08 13:23:00,0.0,442.0,440.0,700.0,2400.0
2016-01-08 13:24:00,0.0,442.0,440.0,700.0,2400.0
2016-01-08 13:25:00,0.0,442.0,440.0,700.0,2400.0
2016-01-08 13:26:00,0.0,442.0,440.0,700.0,2400.0
2016-01-08 13:27:00,0.0,442.0,440.0,700.0,2400.0
2016-01-08 13:28:00,0.0,442.0,440.0,700.0,2400.0
2016-01-08 13:29:00,0.0,442.0,440.0,700.0,2400.0
2016-01-08 13:30:00,0.0,442.0,440.0,600.0,2400.0
2016-01-08 13:31:00,0.0,442.0,440.0,700.0,2400.0
2016-01-08 13:32:00,0.0,441.0,440.0,300.0,2300.0
2016-01-08 13:33:00,0.0,441.0,440.0,300.0,2300.0
2016-01-08 13:34:00,0.0,441.0,440.0,300.0,2300.0
2016-01-08 13:35:00,0.0,441.0,440.0,300.0,2300.0
2016-01-08 13:36:00,0.0,441.0,440.0,300.0,2300.0
2016-01-08 13:37:00,0.0,441.0,440.0,300.0,2300.0
2016-01-08 13:38:00,0.0,441.0,440.0,300.0,2300.0
2016-01-08 13:39:00,0.0,441.0,440.0,300.0,2300.0
2016-01-08 13:40:00,0.0,441.0,440.0,300.0,2300.0
2016-01-08 13:41:00,0.0,441.0,440.0,300.0,2300.0
2016-01-08 13:42:00,0.0,441.0,440.0,300.0,2300.0
2016-01-08 13:43:00,0.0,441.0,440.0,300.0,2300.0
2016-01-08 13:44:00,0.0,441.0,440.0,300.0,2300.0
2016-01-08 13:45:00,100.0,441.0,440.0,300.0,2500.0
2016-01-08 13:46:00,0.0,441.0,440.0,300.0,2500.0
2016-01-08 13:47:00,0.0,441.0,440.0,300.0,2500.0
2016-01-08 13:48:00,0.0,441.0,440.0,300.0,2500.0
2016-01-08 13:49:00,300.0,442.0,441.0,900.0,100.0
2016-01-08 13:50:00,0.0,442.0,441.0,900.0,100.0
2016-01-08 13:51:00,0.0,442.0,441.0,900.0,100.0
2016-01-08 13:52:00,100.0,441.0,440.0,200.0,2200.0
2016-01-08 13:53:00,0.0,441.0,440.0,300.0,2200.0
2016-01-08 13:54:00,0.0,441.0,440.0,300.0,2200.0
2016-01-08 13:55:00,100.0,441.0,440.0,200.0,2200.0
2016-01-08 13:56:00,0.0,441.0,440.0,200.0,2200.0
2016-01-08 13:57:00,0.0,441.0,440.0,200.0,2200.0
2016-01-08 13:58:00,300.0,441.0,440.0,100.0,2100.0
2016-01-08 13:59:00,0.0,441.0,440.0,100.0,2100.0
2016-01-08 14:00:00,0.0,441.0,440.0,100.0,2100.0
2016-01-08 14:01:00,0.0,441.0,440.0,100.0,2100.0
2016-01-08 14:02:00,0.0,441.0,440.0,100.0,2100.0
2016-01-08 14:03:00,0.0,441.0,440.0,200.0,2100.0
2016-01-08 14:04:00,0.0,441.0,440.0,200.0,2100.0
2016-01-08 14:05:00,0.0,441.0,440.0,200.0,2100.0
2016-01-08 14:06:00,0.0,441.0,440.0,200.0,2100.0
2016-01-08 14:07:00,0.0,441.0,440.0,200.0,2100.0
2016-01-08 14:08:00,0.0,441.0,440.0,200.0,2100.0
2016-01-08 14:09:00,1000.0,441.0,440.0,300.0,1100.0
2016-01-08 14:10:00,0.0,441.0,440.0,300.0,1100.0
2016-01-08 14:11:00,100.0,441.0,440.0,700.0,1000.0
2016-01-08 14:12:00,0.0,441.0,440.0,700.0,1000.0
2016-01-08 14:13:00,0.0,441.0,440.0,700.0,1000.0
2016-01-08 14:14:00,200.0,441.0,440.0,700.0,600.0
2016-01-08 14:15:00,0.0,441.0,440.0,700.0,600.0
2016-01-08 14:16:00,0.0,441.0,440.0,700.0,600.0
2016-01-08 14:17:00,0.0,441.0,440.0,700.0,600.0
2016-01-08 14:18:00,100.0,441.0,440.0,600.0,600.0
2016-01-08 14:19:00,0.0,441.0,440.0,800.0,600.0
2016-01-08 14:20:00,700.0,440.0,439.0,900.0,1400.0
2016-01-08 14:21:00,0.0,440.0,439.0,900.0,1400.0
2016-01-08 14:22:00,0.0,440.0,439.0,1300.0,1400.0
2016-01-08 14:23:00,100.0,440.0,439.0,1300.0,1300.0
2016-01-08 14:24:00,0.0,440.0,439.0,1300.0,1300.0
2016-01-08 14:25:00,0.0,440.0,439.0,1300.0,1300.0
2016-01-08 14:26:00,0.0,440.0,439.0,1300.0,1300.0
2016-01-08 14:27:00,0.0,440.0,439.0,1000.0,1400.0
2016-01-08 14:28:00,0.0,440.0,439.0,1300.0,1400.0
2016-01-08 14:29:00,0.0,440.0,439.0,1000.0,1400.0
2016-01-08 14:30:00,0.0,440.0,439.0,1300.0,1400.0
2016-01-08 14:31:00,100.0,440.0,439.0,1200.0,1200.0
2016-01-08 14:32:00,0.0,440.0,439.0,1200.0,1200.0
2016-01-08 14:33:00,0.0,440.0,439.0,1200.0,1200.0
2016-01-08 14:34:00,0.0,440.0,439.0,1200.0,1200.0
2016-01-08 14:35:00,0.0,440.0,439.0,1200.0,1200.0
2016-01-08 14:36:00,0.0,440.0,439.0,1200.0,1200.0
2016-01-08 14:37:00,100.0,440.0,439.0,1100.0,1100.0
2016-01-08 14:38:00,0.0,440.0,439.0,1100.0,1100.0
2016-01-08 14:39:00,0.0,440.0,439.0,1100.0,1100.0
2016-01-08 14:40:00,0.0,440.0,439.0,1100.0,1100.0
2016-01-08 14:41:00,0.0,440.0,439.0,1100.0,1100.0
2016-01-08 14:42:00,0.0,440.0,439.0,1100.0,1100.0
2016-01-08 14:43:00,100.0,440.0,439.0,1000.0,1100.0
2016-01-08 14:44:00,0.0,440.0,439.0,1100.0,1100.0
2016-01-08 14:45:00,0.0,440.0,439.0,1100.0,1100.0
2016-01-08 14:46:00,0.0,440.0,439.0,1100.0,1100.0
2016-01-08 14:47:00,0.0,440.0,439.0,1100.0,1100.0
2016-01-08 14:48:00,0.0,440.0,439.0,1100.0,1100.0
2016-01-08 14:49:00,0.0,440.0,439.0,1100.0,1100.0
2016-01-08 14:50:00,1100.0,439.0,438.0,1000.0,1400.0
2016-01-08 14:51:00,0.0,439.0,438.0,1000.0,1400.0
2016-01-08 14:52:00,0.0,439.0,438.0,1200.0,1400.0
2016-01-08 14:53:00,1400.0,439.0,437.0,1500.0,700.0
2016-01-08 14:54:00,0.0,438.0,437.0,600.0,700.0
2016-01-08 14:55:00,0.0,438.0,437.0,600.0,700.0
2016-01-08 14:56:00,0.0,438.0,437.0,800.0,700.0
2016-01-08 14:57:00,0.0,438.0,437.0,800.0,700.0
2016-01-08 14:58:00,200.0,438.0,437.0,600.0,600.0
2016-01-08 14:59:00,0.0,438.0,437.0,200.0,600.0
2016-01-08 15:00:00,400.0,438.0,437.0,200.0,600.0
2016-01-19 10:02:00,0.0,428.0,427.0,200.0,100.0
2016-01-19 10:03:00,0.0,428.0,427.0,200.0,100.0
2016-01-19 10:04:00,0.0,428.0,427.0,200.0,100.0
2016-01-19 10:05:00,0.0,428.0,427.0,200.0,100.0
2016-01-19 10:06:00,0.0,428.0,427.0,100.0,100.0
2016-01-19 10:07:00,0.0,428.0,427.0,100.0,100.0
2016-01-19 10:08:00,0.0,428.0,427.0,100.0,100.0
2016-01-19 10:09:00,0.0,428.0,427.0,100.0,100.0
2016-01-19 10:10:00,100.0,428.0,426.0,200.0,200.0
2016-01-19 10:11:00,0.0,427.0,426.0,100.0,200.0
2016-01-19 10:12:00,0.0,427.0,426.0,100.0,200.0
2016-01-19 10:13:00,0.0,427.0,426.0,100.0,200.0
2016-01-19 10:14:00,0.0,427.0,426.0,100.0,200.0
2016-01-19 10:15:00,0.0,427.0,426.0,200.0,200.0
2016-01-19 10:16:00,0.0,427.0,426.0,200.0,200.0
2016-01-19 10:17:00,0.0,427.0,426.0,300.0,500.0
2016-01-19 10:18:00,0.0,427.0,426.0,300.0,500.0
2016-01-19 10:19:00,0.0,427.0,426.0,300.0,500.0
2016-01-19 10:20:00,0.0,427.0,426.0,300.0,500.0
2016-01-19 10:21:00,0.0,427.0,426.0,300.0,500.0
2016-01-19 10:22:00,0.0,427.0,426.0,300.0,500.0
2016-01-19 10:23:00,0.0,427.0,426.0,400.0,400.0
2016-01-19 10:24:00,0.0,427.0,426.0,400.0,400.0
2016-01-19 10:25:00,0.0,427.0,426.0,400.0,400.0
2016-01-19 10:26:00,0.0,427.0,426.0,400.0,400.0
2016-01-19 10:27:00,0.0,427.0,426.0,400.0,400.0
2016-01-19 10:28:00,0.0,427.0,426.0,400.0,400.0
2016-01-19 10:29:00,0.0,427.0,426.0,400.0,400.0
2016-01-19 10:30:00,0.0,427.0,426.0,400.0,400.0
2016-01-19 10:31:00,0.0,427.0,426.0,400.0,400.0
2016-01-19 10:32:00,200.0,427.0,426.0,200.0,100.0
2016-01-19 10:33:00,0.0,427.0,426.0,200.0,100.0
2016-01-19 10:34:00,0.0,427.0,426.0,200.0,100.0
2016-01-19 10:35:00,0.0,427.0,426.0,200.0,100.0
2016-01-19 10:36:00,0.0,427.0,426.0,200.0,100.0
2016-01-19 10:37:00,0.0,427.0,426.0,200.0,100.0
2016-01-19 10:38:00,0.0,427.0,426.0,200.0,100.0
2016-01-19 10:39:00,0.0,427.0,426.0,200.0,100.0
2016-01-19 10:40:00,0.0,427.0,426.0,200.0,100.0
2016-01-19 10:41:00,200.0,428.0,426.0,100.0,100.0
2016-01-19 10:42:00,0.0,428.0,426.0,100.0,100.0
2016-01-19 10:43:00,0.0,428.0,426.0,100.0,200.0
2016-01-19 10:44:00,0.0,428.0,426.0,100.0,200.0
2016-01-19 10:45:00,0.0,428.0,426.0,200.0,200.0
2016-01-19 10:46:00,0.0,428.0,426.0,200.0,200.0
2016-01-19 10:47:00,0.0,428.0,426.0,200.0,200.0
2016-01-19 10:48:00,0.0,428.0,426.0,200.0,200.0
2016-01-19 10:49:00,0.0,428.0,426.0,200.0,200.0
2016-01-19 10:50:00,0.0,428.0,426.0,200.0,200.0
2016-01-19 10:51:00,0.0,428.0,426.0,200.0,200.0
2016-01-19 10:52:00,0.0,428.0,426.0,200.0,200.0
2016-01-19 10:53:00,0.0,428.0,426.0,200.0,200.0
2016-01-19 10:54:00,0.0,428.0,426.0,200.0,200.0
2016-01-19 10:55:00,0.0,428.0,426.0,200.0,200.0
2016-01-19 10:56:00,0.0,428.0,426.0,200.0,200.0
2016-01-19 10:57:00,0.0,428.0,426.0,200.0,200.0
2016-01-19 10:58:00,0.0,428.0,426.0,200.0,200.0
2016-01-19 10:59:00,0.0,428.0,426.0,200.0,200.0
2016-01-19 11:00:00,0.0,428.0,426.0,200.0,200.0
2016-01-19 11:01:00,0.0,428.0,426.0,200.0,200.0
2016-01-19 11:02:00,0.0,428.0,426.0,200.0,200.0
2016-01-19 11:03:00,0.0,428.0,426.0,200.0,200.0
2016-01-19 11:04:00,0.0,428.0,426.0,200.0,200.0
2016-01-19 11:05:00,0.0,428.0,426.0,200.0,200.0
2016-01-19 11:06:00,0.0,428.0,426.0,200.0,200.0
2016-01-19 11:07:00,0.0,428.0,426.0,200.0,200.0
2016-01-19 11:08:00,0.0,428.0,426.0,200.0,200.0
2016-01-19 11:09:00,0.0,428.0,426.0,200.0,200.0
2016-01-19 11:10:00,0.0,428.0,426.0,200.0,200.0
2016-01-19 11:11:00,0.0,428.0,426.0,200.0,200.0
2016-01-19 11:12:00,0.0,427.0,426.0,100.0,200.0
2016-01-19 11:13:00,0.0,427.0,426.0,300.0,200.0
2016-01-19 11:14:00,200.0,427.0,425.0,200.0,300.0
2016-01-19 11:15:00,100.0,428.0,425.0,200.0,300.0
2016-01-19 11:16:00,100.0,428.0,425.0,200.0,200.0
2016-01-19 11:17:00,100.0,428.0,425.0,100.0,300.0
2016-01-19 11:18:00,0.0,428.0,425.0,100.0,300.0
2016-01-19 11:19:00,0.0,428.0,425.0,100.0,300.0
2016-01-19 11:20:00,0.0,428.0,425.0,100.0,300.0
2016-01-19 11:21:00,0.0,428.0,425.0,100.0,300.0
2016-01-19 11:22:00,0.0,427.0,425.0,100.0,200.0
2016-01-19 11:23:00,0.0,427.0,425.0,200.0,100.0
2016-01-19 11:24:00,0.0,427.0,425.0,200.0,100.0
2016-01-19 11:25:00,0.0,427.0,425.0,200.0,100.0
2016-01-19 11:26:00,0.0,427.0,425.0,200.0,100.0
2016-01-19 11:27:00,0.0,427.0,425.0,200.0,100.0
2016-01-19 11:28:00,0.0,426.0,425.0,100.0,100.0
2016-01-19 11:29:00,100.0,426.0,424.0,200.0,200.0
2016-01-19 11:30:00,0.0,426.0,424.0,200.0,200.0
2016-01-19 13:00:00,0.0,426.0,424.0,200.0,200.0
2016-01-19 13:01:00,0.0,426.0,424.0,200.0,200.0
2016-01-19 13:02:00,0.0,426.0,424.0,200.0,200.0
2016-01-19 13:03:00,100.0,426.0,424.0,400.0,300.0
2016-01-19 13:04:00,0.0,426.0,424.0,400.0,300.0
2016-01-19 13:05:00,0.0,426.0,424.0,400.0,300.0
2016-01-19 13:06:00,0.0,426.0,424.0,400.0,300.0
2016-01-19 13:07:00,0.0,426.0,424.0,400.0,300.0
2016-01-19 13:08:00,0.0,426.0,424.0,400.0,300.0
2016-01-19 13:09:00,0.0,426.0,424.0,400.0,300.0
2016-01-19 13:10:00,0.0,426.0,424.0,400.0,300.0
2016-01-19 13:11:00,0.0,426.0,424.0,400.0,300.0
2016-01-19 13:12:00,0.0,426.0,424.0,400.0,300.0
2016-01-19 13:13:00,0.0,426.0,424.0,400.0,300.0
2016-01-19 13:14:00,0.0,426.0,424.0,400.0,300.0
2016-01-19 13:15:00,0.0,426.0,424.0,300.0,300.0
2016-01-19 13:16:00,0.0,426.0,425.0,400.0,100.0
2016-01-19 13:17:00,0.0,426.0,425.0,400.0,100.0
2016-01-19 13:18:00,0.0,426.0,425.0,400.0,100.0
2016-01-19 13:19:00,100.0,426.0,424.0,400.0,300.0
2016-01-19 13:20:00,0.0,426.0,424.0,400.0,300.0
2016-01-19 13:21:00,0.0,426.0,424.0,400.0,300.0
2016-01-19 13:22:00,0.0,426.0,424.0,400.0,300.0
2016-01-19 13:23:00,0.0,426.0,424.0,400.0,300.0
2016-01-19 13:24:00,0.0,426.0,424.0,400.0,300.0
2016-01-19 13:25:00,0.0,426.0,424.0,400.0,300.0
2016-01-19 13:26:00,0.0,425.0,424.0,600.0,300.0
2016-01-19 13:27:00,0.0,425.0,424.0,600.0,300.0
2016-01-19 13:28:00,0.0,425.0,424.0,600.0,300.0
2016-01-19 13:29:00,0.0,425.0,424.0,600.0,300.0
2016-01-19 13:30:00,0.0,425.0,424.0,600.0,300.0
2016-01-19 13:31:00,0.0,425.0,424.0,800.0,300.0
2016-01-19 13:32:00,0.0,425.0,424.0,800.0,300.0
2016-01-19 13:33:00,0.0,425.0,424.0,800.0,300.0
2016-01-19 13:34:00,0.0,425.0,424.0,800.0,300.0
2016-01-19 13:35:00,0.0,425.0,424.0,800.0,300.0
2016-01-19 13:36:00,0.0,425.0,424.0,800.0,300.0
2016-01-19 13:37:00,0.0,425.0,424.0,800.0,300.0
2016-01-19 13:38:00,0.0,425.0,424.0,800.0,300.0
2016-01-19 13:39:00,0.0,425.0,424.0,800.0,300.0
2016-01-19 13:40:00,0.0,425.0,424.0,800.0,300.0
2016-01-19 13:41:00,0.0,425.0,424.0,800.0,300.0
2016-01-19 13:42:00,0.0,425.0,424.0,700.0,300.0
2016-01-19 13:43:00,0.0,425.0,424.0,700.0,300.0
2016-01-19 13:44:00,0.0,425.0,424.0,700.0,300.0
2016-01-19 13:45:00,0.0,425.0,424.0,700.0,300.0
2016-01-19 13:46:00,0.0,425.0,424.0,700.0,300.0
2016-01-19 13:47:00,100.0,425.0,424.0,800.0,100.0
2016-01-19 13:48:00,100.0,425.0,424.0,700.0,100.0
2016-01-19 13:49:00,0.0,425.0,424.0,700.0,100.0
2016-01-19 13:50:00,0.0,425.0,424.0,1000.0,100.0
2016-01-19 13:51:00,0.0,425.0,424.0,1000.0,100.0
2016-01-19 13:52:00,0.0,425.0,424.0,1000.0,100.0
2016-01-19 13:53:00,0.0,425.0,424.0,1000.0,100.0
2016-01-19 13:54:00,0.0,425.0,424.0,1000.0,100.0
2016-01-19 13:55:00,100.0,424.0,423.0,400.0,400.0
2016-01-19 13:56:00,0.0,424.0,423.0,400.0,400.0
2016-01-19 13:57:00,0.0,424.0,423.0,400.0,400.0
2016-01-19 13:58:00,300.0,423.0,422.0,200.0,1200.0
2016-01-19 13:59:00,0.0,423.0,422.0,200.0,1200.0
2016-01-19 14:00:00,0.0,423.0,422.0,200.0,1200.0
2016-01-19 14:01:00,200.0,424.0,422.0,500.0,1300.0
2016-01-19 14:02:00,0.0,424.0,422.0,400.0,1300.0
2016-01-19 14:03:00,0.0,424.0,422.0,500.0,1300.0
2016-01-19 14:04:00,0.0,424.0,422.0,500.0,1300.0
2016-01-19 14:05:00,0.0,424.0,422.0,500.0,1300.0
2016-01-19 14:06:00,0.0,424.0,422.0,500.0,1300.0
2016-01-19 14:07:00,0.0,424.0,422.0,500.0,1300.0
2016-01-19 14:08:00,400.0,424.0,422.0,600.0,1300.0
2016-01-19 14:09:00,0.0,424.0,422.0,300.0,1300.0
2016-01-19 14:10:00,0.0,424.0,422.0,300.0,1300.0
2016-01-19 14:11:00,0.0,424.0,422.0,300.0,1300.0
2016-01-19 14:12:00,0.0,424.0,422.0,300.0,1300.0
2016-01-19 14:13:00,0.0,424.0,422.0,300.0,1300.0
2016-01-19 14:14:00,0.0,424.0,422.0,300.0,1300.0
2016-01-19 14:15:00,0.0,424.0,422.0,300.0,1300.0
2016-01-19 14:16:00,0.0,424.0,423.0,900.0,100.0
2016-01-19 14:17:00,0.0,424.0,423.0,900.0,100.0
2016-01-19 14:18:00,0.0,424.0,423.0,900.0,100.0
2016-01-19 14:19:00,0.0,424.0,423.0,900.0,100.0
2016-01-19 14:20:00,0.0,424.0,423.0,900.0,100.0
2016-01-19 14:21:00,0.0,424.0,423.0,900.0,100.0
2016-01-19 14:22:00,0.0,424.0,423.0,900.0,100.0
2016-01-19 14:23:00,900.0,425.0,424.0,700.0,100.0
2016-01-19 14:24:00,0.0,425.0,424.0,700.0,100.0
2016-01-19 14:25:00,0.0,425.0,424.0,700.0,100.0
2016-01-19 14:26:00,0.0,425.0,424.0,700.0,100.0
2016-01-19 14:27:00,0.0,425.0,424.0,700.0,100.0
2016-01-19 14:28:00,0.0,425.0,424.0,700.0,100.0
2016-01-19 14:29:00,0.0,425.0,424.0,700.0,100.0
2016-01-19 14:30:00,0.0,425.0,424.0,700.0,100.0
2016-01-19 14:31:00,0.0,425.0,424.0,700.0,100.0
2016-01-19 14:32:00,0.0,425.0,424.0,700.0,100.0
2016-01-19 14:33:00,0.0,425.0,424.0,700.0,100.0
2016-01-19 14:34:00,0.0,425.0,424.0,700.0,100.0
2016-01-19 14:35:00,100.0,425.0,424.0,600.0,100.0
2016-01-19 14:36:00,0.0,425.0,424.0,600.0,200.0
2016-01-19 14:37:00,0.0,425.0,424.0,600.0,200.0
2016-01-19 14:38:00,0.0,425.0,424.0,600.0,200.0
2016-01-19 14:39:00,0.0,425.0,424.0,600.0,200.0
2016-01-19 14:40:00,200.0,425.0,423.0,1000.0,300.0
2016-01-19 14:41:00,0.0,424.0,423.0,400.0,200.0
2016-01-19 14:42:00,0.0,424.0,423.0,400.0,200.0
2016-01-19 14:43:00,0.0,424.0,423.0,400.0,200.0
2016-01-19 14:44:00,400.0,424.0,423.0,500.0,100.0
2016-01-19 14:45:00,0.0,424.0,423.0,500.0,100.0
2016-01-19 14:46:00,0.0,424.0,423.0,400.0,100.0
2016-01-19 14:47:00,0.0,424.0,423.0,400.0,100.0
2016-01-19 14:48:00,0.0,424.0,423.0,400.0,100.0
2016-01-19 14:49:00,0.0,424.0,423.0,400.0,100.0
2016-01-19 14:50:00,100.0,424.0,423.0,600.0,100.0
2016-01-19 14:51:00,0.0,424.0,423.0,800.0,100.0
2016-01-19 14:52:00,0.0,424.0,423.0,900.0,100.0
2016-01-19 14:53:00,0.0,424.0,423.0,900.0,100.0
2016-01-19 14:54:00,0.0,424.0,423.0,900.0,100.0
2016-01-19 14:55:00,100.0,423.0,422.0,100.0,1100.0
2016-01-19 14:56:00,100.0,423.0,422.0,100.0,1100.0
2016-01-19 14:57:00,0.0,423.0,422.0,600.0,1100.0
2016-01-19 14:58:00,600.0,424.0,422.0,200.0,1600.0
2016-01-19 14:59:00,0.0,424.0,422.0,100.0,1500.0
2016-01-19 15:00:00,1000.0,424.0,422.0,100.0,1200.0
2016-01-22 10:01:00,100.0,407.0,405.0,100.0,400.0
2016-01-22 10:02:00,100.0,407.0,405.0,500.0,400.0
2016-01-22 10:03:00,0.0,407.0,405.0,500.0,400.0
2016-01-22 10:04:00,100.0,406.0,405.0,200.0,300.0
2016-01-22 10:05:00,0.0,406.0,405.0,200.0,300.0
2016-01-22 10:06:00,0.0,406.0,405.0,200.0,300.0
2016-01-22 10:07:00,0.0,406.0,405.0,200.0,300.0
2016-01-22 10:08:00,0.0,406.0,405.0,200.0,300.0
2016-01-22 10:09:00,0.0,406.0,405.0,200.0,400.0
2016-01-22 10:10:00,0.0,406.0,405.0,300.0,400.0
2016-01-22 10:11:00,100.0,406.0,405.0,400.0,200.0
2016-01-22 10:12:00,0.0,406.0,405.0,300.0,200.0
2016-01-22 10:13:00,0.0,406.0,405.0,300.0,200.0
2016-01-22 10:14:00,0.0,406.0,405.0,400.0,200.0
2016-01-22 10:15:00,300.0,406.0,404.0,400.0,100.0
2016-01-22 10:16:00,0.0,406.0,404.0,400.0,100.0
2016-01-22 10:17:00,0.0,405.0,404.0,200.0,100.0
2016-01-22 10:18:00,0.0,405.0,404.0,200.0,100.0
2016-01-22 10:19:00,0.0,405.0,404.0,200.0,100.0
2016-01-22 10:20:00,0.0,405.0,404.0,200.0,100.0
2016-01-22 10:21:00,0.0,405.0,404.0,200.0,100.0
2016-01-22 10:22:00,0.0,405.0,404.0,200.0,100.0
2016-01-22 10:23:00,0.0,405.0,404.0,200.0,100.0
2016-01-22 10:24:00,0.0,405.0,404.0,200.0,100.0
2016-01-22 10:25:00,0.0,405.0,404.0,200.0,100.0
2016-01-22 10:26:00,0.0,405.0,404.0,200.0,100.0
2016-01-22 10:27:00,100.0,406.0,404.0,200.0,200.0
2016-01-22 10:28:00,0.0,406.0,404.0,200.0,200.0
2016-01-22 10:29:00,0.0,406.0,404.0,200.0,200.0
2016-01-22 10:30:00,0.0,406.0,404.0,200.0,200.0
2016-01-22 10:31:00,0.0,406.0,404.0,200.0,200.0
2016-01-22 10:32:00,0.0,406.0,404.0,200.0,200.0
2016-01-22 10:33:00,100.0,406.0,404.0,100.0,100.0
2016-01-22 10:34:00,0.0,406.0,404.0,100.0,100.0
2016-01-22 10:35:00,0.0,406.0,404.0,100.0,100.0
2016-01-22 10:36:00,0.0,406.0,404.0,100.0,100.0
2016-01-22 10:37:00,0.0,406.0,404.0,100.0,100.0
2016-01-22 10:38:00,0.0,406.0,404.0,200.0,100.0
2016-01-22 10:39:00,0.0,406.0,404.0,200.0,100.0
2016-01-22 10:40:00,0.0,406.0,404.0,200.0,100.0
2016-01-22 10:41:00,100.0,405.0,403.0,100.0,500.0
2016-01-22 10:42:00,0.0,405.0,403.0,100.0,500.0
2016-01-22 10:43:00,0.0,406.0,403.0,200.0,500.0
2016-01-22 10:44:00,0.0,406.0,403.0,200.0,500.0
2016-01-22 10:45:00,0.0,405.0,403.0,200.0,400.0
2016-01-22 10:46:00,0.0,404.0,403.0,100.0,500.0
2016-01-22 10:47:00,100.0,405.0,403.0,300.0,500.0
2016-01-22 10:48:00,0.0,405.0,403.0,200.0,600.0
2016-01-22 10:49:00,0.0,406.0,404.0,600.0,1000.0
2016-01-22 10:50:00,0.0,406.0,404.0,600.0,1000.0
2016-01-22 10:51:00,0.0,406.0,403.0,500.0,700.0
2016-01-22 10:52:00,0.0,406.0,403.0,500.0,700.0
2016-01-22 10:53:00,0.0,406.0,403.0,500.0,700.0
2016-01-22 10:54:00,0.0,406.0,403.0,500.0,700.0
2016-01-22 10:55:00,300.0,405.0,403.0,300.0,500.0
2016-01-22 10:56:00,0.0,405.0,403.0,300.0,500.0
2016-01-22 10:57:00,0.0,405.0,403.0,300.0,600.0
2016-01-22 10:58:00,200.0,405.0,404.0,200.0,100.0
2016-01-22 10:59:00,0.0,405.0,403.0,200.0,600.0
2016-01-22 11:00:00,0.0,405.0,403.0,200.0,600.0
2016-01-22 11:01:00,0.0,405.0,403.0,200.0,600.0
2016-01-22 11:02:00,0.0,405.0,403.0,200.0,600.0
2016-01-22 11:03:00,0.0,405.0,403.0,200.0,600.0
2016-01-22 11:04:00,0.0,405.0,403.0,200.0,600.0
2016-01-22 11:05:00,0.0,405.0,403.0,300.0,600.0
2016-01-22 11:06:00,0.0,405.0,403.0,300.0,600.0
2016-01-22 11:07:00,0.0,405.0,403.0,300.0,600.0
2016-01-22 11:08:00,0.0,405.0,403.0,300.0,600.0
2016-01-22 11:09:00,0.0,405.0,403.0,300.0,600.0
2016-01-22 11:10:00,0.0,405.0,403.0,300.0,600.0
2016-01-22 11:11:00,0.0,405.0,403.0,300.0,600.0
2016-01-22 11:12:00,0.0,405.0,403.0,300.0,600.0
2016-01-22 11:13:00,0.0,405.0,403.0,300.0,600.0
2016-01-22 11:14:00,0.0,405.0,403.0,300.0,600.0
2016-01-22 11:15:00,0.0,405.0,403.0,300.0,600.0
2016-01-22 11:16:00,0.0,405.0,403.0,300.0,600.0
2016-01-22 11:17:00,0.0,405.0,403.0,300.0,600.0
2016-01-22 11:18:00,0.0,405.0,403.0,300.0,600.0
2016-01-22 11:19:00,0.0,405.0,403.0,300.0,600.0
2016-01-22 11:20:00,0.0,405.0,403.0,300.0,600.0
2016-01-22 11:21:00,0.0,405.0,403.0,300.0,600.0
2016-01-22 11:22:00,0.0,405.0,403.0,300.0,600.0
2016-01-22 11:23:00,0.0,405.0,403.0,300.0,600.0
2016-01-22 11:24:00,100.0,405.0,404.0,200.0,100.0
2016-01-22 11:25:00,0.0,405.0,404.0,200.0,100.0
2016-01-22 11:26:00,0.0,405.0,404.0,200.0,100.0
2016-01-22 11:27:00,0.0,405.0,404.0,200.0,100.0
2016-01-22 11:28:00,1000.0,403.0,401.0,100.0,500.0
2016-01-22 11:29:00,0.0,403.0,401.0,100.0,300.0
2016-01-22 11:30:00,100.0,403.0,401.0,100.0,300.0
2016-01-22 13:00:00,100.0,403.0,402.0,400.0,200.0
2016-01-22 13:01:00,0.0,403.0,402.0,400.0,200.0
2016-01-22 13:02:00,0.0,403.0,402.0,400.0,300.0
2016-01-22 13:03:00,0.0,403.0,402.0,400.0,400.0
2016-01-22 13:04:00,0.0,403.0,402.0,400.0,400.0
2016-01-22 13:05:00,0.0,403.0,402.0,400.0,400.0
2016-01-22 13:06:00,0.0,403.0,402.0,400.0,400.0
2016-01-22 13:07:00,0.0,403.0,402.0,400.0,400.0
2016-01-22 13:08:00,0.0,403.0,402.0,400.0,400.0
2016-01-22 13:09:00,100.0,403.0,402.0,100.0,400.0
2016-01-22 13:10:00,100.0,404.0,403.0,400.0,100.0
2016-01-22 13:11:00,0.0,404.0,403.0,400.0,100.0
2016-01-22 13:12:00,0.0,404.0,403.0,400.0,200.0
2016-01-22 13:13:00,0.0,404.0,403.0,300.0,300.0
2016-01-22 13:14:00,0.0,404.0,403.0,300.0,300.0
2016-01-22 13:15:00,0.0,404.0,403.0,300.0,400.0
2016-01-22 13:16:00,400.0,405.0,403.0,300.0,200.0
2016-01-22 13:17:00,0.0,405.0,404.0,200.0,200.0
2016-01-22 13:18:00,100.0,406.0,404.0,300.0,100.0
2016-01-22 13:19:00,0.0,405.0,404.0,200.0,100.0
2016-01-22 13:20:00,0.0,405.0,404.0,200.0,100.0
2016-01-22 13:21:00,100.0,406.0,403.0,300.0,100.0
2016-01-22 13:22:00,0.0,405.0,402.0,100.0,600.0
2016-01-22 13:23:00,0.0,405.0,404.0,100.0,100.0
2016-01-22 13:24:00,0.0,405.0,404.0,100.0,100.0
2016-01-22 13:25:00,0.0,405.0,404.0,100.0,100.0
2016-01-22 13:26:00,0.0,405.0,404.0,100.0,100.0
2016-01-22 13:27:00,0.0,405.0,404.0,100.0,100.0
2016-01-22 13:28:00,0.0,405.0,404.0,200.0,100.0
2016-01-22 13:29:00,0.0,405.0,404.0,200.0,100.0
2016-01-22 13:30:00,0.0,405.0,404.0,200.0,100.0
2016-01-22 13:31:00,0.0,405.0,404.0,200.0,200.0
2016-01-22 13:32:00,0.0,405.0,404.0,100.0,200.0
2016-01-22 13:33:00,200.0,407.0,406.0,200.0,100.0
2016-01-22 13:34:00,0.0,407.0,406.0,100.0,200.0
2016-01-22 13:35:00,100.0,407.0,406.0,100.0,100.0
2016-01-22 13:36:00,0.0,407.0,406.0,100.0,100.0
2016-01-22 13:37:00,0.0,407.0,406.0,200.0,100.0
2016-01-22 13:38:00,0.0,407.0,406.0,200.0,100.0
2016-01-22 13:39:00,100.0,408.0,404.0,200.0,100.0
2016-01-22 13:40:00,0.0,407.0,406.0,100.0,800.0
2016-01-22 13:41:00,200.0,409.0,407.0,300.0,700.0
2016-01-22 13:42:00,0.0,409.0,407.0,300.0,700.0
2016-01-22 13:43:00,0.0,409.0,407.0,300.0,700.0
2016-01-22 13:44:00,200.0,409.0,407.0,200.0,700.0
2016-01-22 13:45:00,0.0,409.0,407.0,200.0,700.0
2016-01-22 13:46:00,0.0,409.0,407.0,200.0,100.0
2016-01-22 13:47:00,0.0,409.0,407.0,200.0,100.0
2016-01-22 13:48:00,0.0,409.0,407.0,200.0,100.0
2016-01-22 13:49:00,800.0,409.0,406.0,100.0,500.0
2016-01-22 13:50:00,0.0,409.0,406.0,300.0,500.0
2016-01-22 13:51:00,0.0,409.0,406.0,300.0,500.0
2016-01-22 13:52:00,0.0,409.0,406.0,300.0,500.0
2016-01-22 13:53:00,0.0,409.0,406.0,300.0,500.0
2016-01-22 13:54:00,0.0,408.0,406.0,100.0,400.0
2016-01-22 13:55:00,0.0,408.0,406.0,100.0,500.0
2016-01-22 13:56:00,0.0,408.0,406.0,200.0,600.0
2016-01-22 13:57:00,0.0,408.0,406.0,200.0,600.0
2016-01-22 13:58:00,0.0,408.0,406.0,200.0,600.0
2016-01-22 13:59:00,0.0,408.0,406.0,200.0,600.0
2016-01-22 14:00:00,0.0,408.0,406.0,200.0,600.0
2016-01-22 14:01:00,0.0,408.0,406.0,200.0,600.0
2016-01-22 14:02:00,0.0,408.0,406.0,200.0,600.0
2016-01-22 14:03:00,0.0,409.0,407.0,300.0,300.0
2016-01-22 14:04:00,0.0,409.0,407.0,200.0,700.0
2016-01-22 14:05:00,0.0,409.0,408.0,500.0,200.0
2016-01-22 14:06:00,0.0,409.0,408.0,400.0,200.0
2016-01-22 14:07:00,0.0,409.0,408.0,400.0,200.0
2016-01-22 14:08:00,0.0,409.0,408.0,400.0,200.0
2016-01-22 14:09:00,300.0,409.0,407.0,300.0,500.0
2016-01-22 14:10:00,100.0,409.0,408.0,400.0,100.0
2016-01-22 14:11:00,200.0,409.0,408.0,200.0,700.0
2016-01-22 14:12:00,0.0,409.0,408.0,200.0,700.0
2016-01-22 14:13:00,100.0,409.0,408.0,100.0,700.0
2016-01-22 14:14:00,0.0,410.0,408.0,2800.0,800.0
2016-01-22 14:15:00,0.0,409.0,408.0,200.0,300.0
2016-01-22 14:16:00,0.0,409.0,408.0,200.0,300.0
2016-01-22 14:17:00,0.0,409.0,408.0,200.0,200.0
2016-01-22 14:18:00,0.0,409.0,408.0,200.0,200.0
2016-01-22 14:19:00,0.0,409.0,408.0,200.0,200.0
2016-01-22 14:20:00,100.0,409.0,408.0,100.0,100.0
2016-01-22 14:21:00,0.0,409.0,408.0,100.0,100.0
2016-01-22 14:22:00,200.0,410.0,408.0,2800.0,300.0
2016-01-22 14:23:00,0.0,410.0,408.0,2900.0,100.0
2016-01-22 14:24:00,0.0,409.0,408.0,100.0,100.0
2016-01-22 14:25:00,0.0,409.0,408.0,100.0,200.0
2016-01-22 14:26:00,0.0,410.0,409.0,1900.0,100.0
2016-01-22 14:27:00,0.0,410.0,409.0,1900.0,100.0
2016-01-22 14:28:00,100.0,409.0,408.0,100.0,200.0
2016-01-22 14:29:00,0.0,409.0,408.0,100.0,200.0
2016-01-22 14:30:00,0.0,409.0,408.0,200.0,200.0
2016-01-22 14:31:00,0.0,409.0,408.0,200.0,200.0
2016-01-22 14:32:00,0.0,409.0,408.0,200.0,200.0
2016-01-22 14:33:00,0.0,409.0,408.0,200.0,200.0
2016-01-22 14:34:00,200.0,409.0,408.0,100.0,400.0
2016-01-22 14:35:00,100.0,410.0,409.0,2000.0,200.0
2016-01-22 14:36:00,0.0,410.0,409.0,2000.0,300.0
2016-01-22 14:37:00,0.0,410.0,409.0,2000.0,300.0
2016-01-22 14:38:00,200.0,409.0,408.0,100.0,500.0
2016-01-22 14:39:00,0.0,409.0,408.0,100.0,500.0
2016-01-22 14:40:00,0.0,409.0,408.0,100.0,500.0
2016-01-22 14:41:00,400.0,409.0,408.0,100.0,500.0
2016-01-22 14:42:00,0.0,409.0,408.0,100.0,500.0
2016-01-22 14:43:00,0.0,409.0,408.0,100.0,500.0
2016-01-22 14:44:00,0.0,409.0,408.0,100.0,500.0
2016-01-22 14:45:00,100.0,409.0,408.0,100.0,400.0
2016-01-22 14:46:00,100.0,409.0,408.0,200.0,500.0
2016-01-22 14:47:00,0.0,409.0,408.0,200.0,600.0
2016-01-22 14:48:00,0.0,409.0,408.0,200.0,600.0
2016-01-22 14:49:00,0.0,409.0,408.0,200.0,600.0
2016-01-22 14:50:00,0.0,409.0,408.0,200.0,600.0
2016-01-22 14:51:00,100.0,409.0,408.0,100.0,600.0
2016-01-22 14:52:00,100.0,410.0,408.0,2300.0,500.0
2016-01-22 14:53:00,0.0,410.0,408.0,2500.0,500.0
2016-01-22 14:54:00,200.0,410.0,408.0,2400.0,500.0
2016-01-22 14:55:00,100.0,409.0,408.0,800.0,400.0
2016-01-22 14:56:00,0.0,409.0,408.0,800.0,400.0
2016-01-22 14:57:00,100.0,409.0,408.0,1300.0,600.0
2016-01-22 14:58:00,0.0,409.0,408.0,1300.0,1000.0
2016-01-22 14:59:00,800.0,409.0,408.0,600.0,500.0
2016-01-22 15:00:00,1500.0,410.0,408.0,3500.0,500.0
2016-01-25 10:01:00,0.0,415.0,414.0,500.0,400.0
2016-01-25 10:02:00,0.0,415.0,414.0,500.0,400.0
2016-01-25 10:03:00,0.0,415.0,414.0,500.0,400.0
2016-01-25 10:04:00,0.0,415.0,414.0,500.0,400.0
2016-01-25 10:05:00,0.0,415.0,414.0,500.0,400.0
2016-01-25 10:06:00,1100.0,417.0,414.0,100.0,600.0
2016-01-25 10:07:00,0.0,417.0,415.0,100.0,100.0
2016-01-25 10:08:00,0.0,418.0,416.0,100.0,100.0
2016-01-25 10:09:00,0.0,418.0,416.0,800.0,100.0
2016-01-25 10:10:00,0.0,418.0,416.0,800.0,100.0
2016-01-25 10:11:00,0.0,418.0,416.0,800.0,300.0
2016-01-25 10:12:00,0.0,418.0,417.0,800.0,100.0
2016-01-25 10:13:00,0.0,418.0,417.0,800.0,100.0
2016-01-25 10:14:00,100.0,418.0,417.0,700.0,100.0
2016-01-25 10:15:00,100.0,418.0,417.0,600.0,200.0
2016-01-25 10:16:00,100.0,418.0,417.0,500.0,100.0
2016-01-25 10:17:00,0.0,418.0,417.0,500.0,100.0
2016-01-25 10:18:00,100.0,418.0,417.0,400.0,100.0
2016-01-25 10:19:00,0.0,418.0,417.0,400.0,100.0
2016-01-25 10:20:00,0.0,418.0,417.0,400.0,100.0
2016-01-25 10:21:00,0.0,418.0,417.0,400.0,100.0
2016-01-25 10:22:00,0.0,418.0,417.0,400.0,100.0
2016-01-25 10:23:00,0.0,418.0,417.0,400.0,100.0
2016-01-25 10:24:00,0.0,418.0,417.0,400.0,100.0
2016-01-25 10:25:00,0.0,418.0,417.0,400.0,100.0
2016-01-25 10:26:00,0.0,418.0,417.0,400.0,200.0
2016-01-25 10:27:00,0.0,418.0,417.0,400.0,200.0
2016-01-25 10:28:00,400.0,419.0,418.0,100.0,100.0
2016-01-25 10:29:00,0.0,419.0,418.0,100.0,100.0
2016-01-25 10:30:00,0.0,419.0,418.0,100.0,100.0
2016-01-25 10:31:00,0.0,419.0,418.0,100.0,100.0
2016-01-25 10:32:00,0.0,419.0,418.0,100.0,100.0
2016-01-25 10:33:00,0.0,419.0,418.0,100.0,100.0
2016-01-25 10:34:00,0.0,419.0,418.0,100.0,100.0
2016-01-25 10:35:00,0.0,419.0,418.0,100.0,100.0
2016-01-25 10:36:00,0.0,419.0,418.0,100.0,100.0
2016-01-25 10:37:00,0.0,419.0,418.0,100.0,100.0
2016-01-25 10:38:00,0.0,419.0,418.0,100.0,100.0
2016-01-25 10:39:00,0.0,419.0,418.0,100.0,100.0
2016-01-25 10:40:00,0.0,419.0,418.0,100.0,100.0
2016-01-25 10:41:00,0.0,419.0,418.0,100.0,100.0
2016-01-25 10:42:00,0.0,419.0,418.0,100.0,100.0
2016-01-25 10:43:00,0.0,419.0,418.0,100.0,100.0
2016-01-25 10:44:00,100.0,420.0,418.0,500.0,100.0
2016-01-25 10:45:00,0.0,420.0,418.0,500.0,200.0
2016-01-25 10:46:00,0.0,420.0,418.0,500.0,300.0
2016-01-25 10:47:00,0.0,420.0,418.0,500.0,300.0
2016-01-25 10:48:00,0.0,420.0,418.0,500.0,300.0
2016-01-25 10:49:00,0.0,419.0,418.0,400.0,300.0
2016-01-25 10:50:00,200.0,419.0,417.0,400.0,300.0
2016-01-25 10:51:00,0.0,419.0,417.0,400.0,400.0
2016-01-25 10:52:00,0.0,419.0,417.0,400.0,400.0
2016-01-25 10:53:00,0.0,419.0,417.0,400.0,400.0
2016-01-25 10:54:00,0.0,419.0,417.0,400.0,400.0
2016-01-25 10:55:00,100.0,419.0,417.0,500.0,300.0
2016-01-25 10:56:00,0.0,419.0,418.0,500.0,100.0
2016-01-25 10:57:00,0.0,419.0,418.0,500.0,100.0
2016-01-25 10:58:00,0.0,419.0,418.0,500.0,100.0
2016-01-25 10:59:00,0.0,419.0,418.0,500.0,100.0
2016-01-25 11:00:00,0.0,419.0,418.0,500.0,100.0
2016-01-25 11:01:00,0.0,419.0,418.0,500.0,100.0
2016-01-25 11:02:00,0.0,419.0,418.0,500.0,100.0
2016-01-25 11:03:00,0.0,419.0,418.0,500.0,100.0
2016-01-25 11:04:00,100.0,419.0,418.0,400.0,100.0
2016-01-25 11:05:00,0.0,419.0,418.0,300.0,200.0
2016-01-25 11:06:00,0.0,419.0,418.0,300.0,200.0
2016-01-25 11:07:00,0.0,419.0,418.0,300.0,200.0
2016-01-25 11:08:00,0.0,419.0,418.0,300.0,200.0
2016-01-25 11:09:00,0.0,419.0,418.0,300.0,200.0
2016-01-25 11:10:00,0.0,419.0,418.0,300.0,200.0
2016-01-25 11:11:00,0.0,419.0,418.0,300.0,200.0
2016-01-25 11:12:00,0.0,419.0,418.0,300.0,200.0
2016-01-25 11:13:00,0.0,419.0,418.0,300.0,200.0
2016-01-25 11:14:00,0.0,419.0,418.0,300.0,200.0
2016-01-25 11:15:00,0.0,419.0,418.0,300.0,200.0
2016-01-25 11:16:00,100.0,419.0,418.0,200.0,400.0
2016-01-25 11:17:00,200.0,420.0,419.0,500.0,200.0
2016-01-25 11:18:00,0.0,420.0,419.0,500.0,200.0
2016-01-25 11:19:00,500.0,420.0,419.0,100.0,200.0
2016-01-25 11:20:00,100.0,421.0,419.0,200.0,200.0
2016-01-25 11:21:00,0.0,421.0,420.0,200.0,200.0
2016-01-25 11:22:00,100.0,421.0,420.0,100.0,100.0
2016-01-25 11:23:00,0.0,421.0,420.0,100.0,100.0
2016-01-25 11:24:00,0.0,421.0,420.0,100.0,100.0
2016-01-25 11:25:00,100.0,422.0,420.0,300.0,100.0
2016-01-25 11:26:00,0.0,422.0,420.0,300.0,100.0
2016-01-25 11:27:00,0.0,422.0,420.0,300.0,100.0
2016-01-25 11:28:00,0.0,422.0,420.0,300.0,100.0
2016-01-25 11:29:00,0.0,422.0,420.0,300.0,100.0
2016-01-25 11:30:00,0.0,422.0,420.0,300.0,100.0
2016-01-25 13:00:00,0.0,422.0,420.0,300.0,100.0
2016-01-25 13:01:00,0.0,422.0,420.0,300.0,100.0
2016-01-25 13:02:00,0.0,422.0,420.0,300.0,100.0
2016-01-25 13:03:00,0.0,422.0,420.0,300.0,100.0
2016-01-25 13:04:00,0.0,419.0,418.0,100.0,100.0
2016-01-25 13:05:00,0.0,419.0,418.0,100.0,100.0
2016-01-25 13:06:00,100.0,419.0,417.0,100.0,200.0
2016-01-25 13:07:00,0.0,419.0,417.0,100.0,200.0
2016-01-25 13:08:00,200.0,420.0,417.0,300.0,300.0
2016-01-25 13:09:00,0.0,420.0,417.0,300.0,300.0
2016-01-25 13:10:00,0.0,420.0,417.0,300.0,300.0
2016-01-25 13:11:00,0.0,420.0,417.0,300.0,300.0
2016-01-25 13:12:00,0.0,420.0,417.0,300.0,300.0
2016-01-25 13:13:00,0.0,420.0,417.0,300.0,300.0
2016-01-25 13:14:00,0.0,420.0,417.0,300.0,300.0
2016-01-25 13:15:00,0.0,420.0,418.0,300.0,100.0
2016-01-25 13:16:00,0.0,420.0,418.0,300.0,100.0
2016-01-25 13:17:00,0.0,420.0,418.0,300.0,100.0
2016-01-25 13:18:00,0.0,420.0,418.0,300.0,100.0
2016-01-25 13:19:00,0.0,420.0,418.0,300.0,100.0
2016-01-25 13:20:00,0.0,420.0,418.0,300.0,100.0
2016-01-25 13:21:00,0.0,420.0,418.0,300.0,100.0
2016-01-25 13:22:00,0.0,420.0,418.0,300.0,100.0
2016-01-25 13:23:00,0.0,420.0,418.0,300.0,100.0
2016-01-25 13:24:00,0.0,420.0,418.0,300.0,100.0
2016-01-25 13:25:00,0.0,420.0,418.0,300.0,100.0
2016-01-25 13:26:00,0.0,420.0,418.0,300.0,100.0
2016-01-25 13:27:00,0.0,420.0,418.0,300.0,100.0
2016-01-25 13:28:00,0.0,420.0,418.0,300.0,100.0
2016-01-25 13:29:00,0.0,420.0,418.0,300.0,100.0
2016-01-25 13:30:00,0.0,420.0,418.0,300.0,100.0
2016-01-25 13:31:00,0.0,420.0,418.0,300.0,100.0
2016-01-25 13:32:00,0.0,420.0,418.0,300.0,100.0
2016-01-25 13:33:00,0.0,420.0,418.0,300.0,100.0
2016-01-25 13:34:00,0.0,420.0,418.0,300.0,100.0
2016-01-25 13:35:00,0.0,420.0,418.0,300.0,100.0
2016-01-25 13:36:00,0.0,420.0,418.0,300.0,100.0
2016-01-25 13:37:00,0.0,420.0,418.0,300.0,100.0
2016-01-25 13:38:00,0.0,420.0,418.0,300.0,100.0
2016-01-25 13:39:00,0.0,420.0,418.0,300.0,100.0
2016-01-25 13:40:00,0.0,420.0,418.0,300.0,200.0
2016-01-25 13:41:00,0.0,420.0,418.0,300.0,200.0
2016-01-25 13:42:00,0.0,420.0,418.0,300.0,200.0
2016-01-25 13:43:00,0.0,420.0,418.0,300.0,200.0
2016-01-25 13:44:00,0.0,420.0,418.0,300.0,200.0
2016-01-25 13:45:00,0.0,420.0,418.0,300.0,200.0
2016-01-25 13:46:00,0.0,420.0,418.0,300.0,200.0
2016-01-25 13:47:00,0.0,420.0,418.0,300.0,200.0
2016-01-25 13:48:00,0.0,420.0,418.0,300.0,200.0
2016-01-25 13:49:00,0.0,420.0,418.0,300.0,200.0
2016-01-25 13:50:00,0.0,420.0,418.0,300.0,200.0
2016-01-25 13:51:00,0.0,420.0,418.0,300.0,200.0
2016-01-25 13:52:00,0.0,420.0,418.0,300.0,200.0
2016-01-25 13:53:00,0.0,421.0,418.0,300.0,200.0
2016-01-25 13:54:00,100.0,421.0,418.0,300.0,300.0
2016-01-25 13:55:00,0.0,421.0,418.0,300.0,300.0
2016-01-25 13:56:00,0.0,421.0,418.0,300.0,300.0
2016-01-25 13:57:00,0.0,421.0,418.0,300.0,300.0
2016-01-25 13:58:00,0.0,421.0,418.0,300.0,300.0
2016-01-25 13:59:00,0.0,421.0,418.0,300.0,300.0
2016-01-25 14:00:00,0.0,421.0,418.0,300.0,300.0
2016-01-25 14:01:00,0.0,421.0,418.0,300.0,300.0
2016-01-25 14:02:00,0.0,421.0,418.0,300.0,300.0
2016-01-25 14:03:00,0.0,421.0,420.0,200.0,300.0
2016-01-25 14:04:00,0.0,421.0,420.0,200.0,300.0
2016-01-25 14:05:00,0.0,421.0,420.0,200.0,500.0
2016-01-25 14:06:00,0.0,421.0,420.0,300.0,500.0
2016-01-25 14:07:00,0.0,421.0,420.0,300.0,500.0
2016-01-25 14:08:00,0.0,421.0,420.0,200.0,500.0
2016-01-25 14:09:00,0.0,421.0,420.0,200.0,500.0
2016-01-25 14:10:00,0.0,421.0,420.0,200.0,500.0
2016-01-25 14:11:00,0.0,421.0,420.0,200.0,600.0
2016-01-25 14:12:00,0.0,421.0,420.0,300.0,500.0
2016-01-25 14:13:00,0.0,421.0,420.0,300.0,500.0
2016-01-25 14:14:00,0.0,421.0,420.0,300.0,500.0
2016-01-25 14:15:00,0.0,421.0,420.0,300.0,500.0
2016-01-25 14:16:00,0.0,421.0,420.0,300.0,500.0
2016-01-25 14:17:00,0.0,421.0,420.0,300.0,500.0
2016-01-25 14:18:00,0.0,421.0,420.0,300.0,500.0
2016-01-25 14:19:00,0.0,421.0,420.0,300.0,500.0
2016-01-25 14:20:00,0.0,421.0,420.0,300.0,500.0
2016-01-25 14:21:00,0.0,421.0,420.0,300.0,500.0
2016-01-25 14:22:00,0.0,421.0,420.0,300.0,500.0
2016-01-25 14:23:00,0.0,421.0,420.0,300.0,500.0
2016-01-25 14:24:00,0.0,421.0,420.0,300.0,500.0
2016-01-25 14:25:00,0.0,421.0,420.0,300.0,500.0
2016-01-25 14:26:00,0.0,421.0,420.0,400.0,200.0
2016-01-25 14:27:00,0.0,421.0,420.0,400.0,200.0
2016-01-25 14:28:00,0.0,421.0,420.0,400.0,200.0
2016-01-25 14:29:00,0.0,421.0,420.0,400.0,500.0
2016-01-25 14:30:00,0.0,421.0,420.0,400.0,500.0
2016-01-25 14:31:00,0.0,421.0,420.0,400.0,500.0
2016-01-25 14:32:00,200.0,421.0,419.0,400.0,400.0
2016-01-25 14:33:00,100.0,421.0,419.0,500.0,500.0
2016-01-25 14:34:00,0.0,421.0,419.0,400.0,300.0
2016-01-25 14:35:00,0.0,421.0,419.0,400.0,300.0
2016-01-25 14:36:00,0.0,421.0,419.0,400.0,200.0
2016-01-25 14:37:00,0.0,421.0,419.0,400.0,200.0
2016-01-25 14:38:00,0.0,421.0,419.0,400.0,200.0
2016-01-25 14:39:00,0.0,420.0,419.0,200.0,200.0
2016-01-25 14:40:00,0.0,420.0,419.0,400.0,200.0
2016-01-25 14:41:00,0.0,420.0,419.0,400.0,200.0
2016-01-25 14:42:00,0.0,420.0,419.0,400.0,200.0
2016-01-25 14:43:00,100.0,420.0,419.0,400.0,200.0
2016-01-25 14:44:00,0.0,420.0,419.0,300.0,200.0
2016-01-25 14:45:00,0.0,420.0,419.0,300.0,200.0
2016-01-25 14:46:00,300.0,421.0,420.0,400.0,100.0
2016-01-25 14:47:00,0.0,421.0,420.0,400.0,500.0
2016-01-25 14:48:00,0.0,421.0,420.0,400.0,400.0
2016-01-25 14:49:00,0.0,421.0,420.0,400.0,400.0
2016-01-25 14:50:00,0.0,421.0,420.0,400.0,500.0
2016-01-25 14:51:00,0.0,421.0,420.0,400.0,300.0
2016-01-25 14:52:00,0.0,421.0,420.0,400.0,300.0
2016-01-25 14:53:00,0.0,421.0,420.0,400.0,400.0
2016-01-25 14:54:00,0.0,421.0,420.0,400.0,400.0
2016-01-25 14:55:00,400.0,422.0,421.0,200.0,200.0
2016-01-25 14:56:00,100.0,422.0,421.0,100.0,300.0
2016-01-25 14:57:00,0.0,422.0,421.0,100.0,300.0
2016-01-25 14:58:00,100.0,423.0,421.0,200.0,200.0
2016-01-25 14:59:00,0.0,423.0,422.0,200.0,200.0
2016-01-25 15:00:00,1100.0,424.0,422.0,500.0,200.0
